{
  "selected_model": "random_forest",
  "metrics": {
    "logistic_regression": {
      "cv_roc_auc": 0.9113442113442114,
      "accuracy": 0.8852459016393442,
      "precision": 0.8387096774193549,
      "recall": 0.9285714285714286,
      "f1": 0.8813559322033898,
      "roc_auc": 0.9610389610389611
    },
    "random_forest": {
      "cv_roc_auc": 0.8976442237311802,
      "accuracy": 0.9016393442622951,
      "precision": 0.84375,
      "recall": 0.9642857142857143,
      "f1": 0.9,
      "roc_auc": 0.9426406926406927
    }
  }
}